[
  {
    "value": "Bascom",
    "synonyms": [
      "Bascom",
      "bascom"
    ]
  },
  {
    "value": "VanVleck",
    "synonyms": [
      "Van Vleck",
      "van vleck",
      "vanvleck",
      "Vanvleck"
    ]
  },
  {
    "value": "Brogden",
    "synonyms": [
      "Brogden",
      "brogden"
    ]
  },
  {
    "value": "Chamberlin",
    "synonyms": [
      "Chamberlin",
      "chamberlin"
    ]
  },
  {
    "value": "Grainger",
    "synonyms": [
      "Grainger",
      "grainger"
    ]
  },
  {
    "value": "Ingraham",
    "synonyms": [
      "Ingraham",
      "ingraham"
    ]
  },
  {
    "value": "Vilas",
    "synonyms": [
      "Vilas",
      "vilas"
    ]
  }
]