[
  {
    "id": "b774ec5f-b6c6-4ee6-a395-e3819e65b350",
    "data": [
      {
        "text": "Show me the chatroom names",
        "userDefined": false
      }
    ],
    "isTemplate": false,
    "count": 0,
    "lang": "en",
    "updated": 0
  },
  {
    "id": "6d2aaab5-ff12-466f-a7c5-8054990c0041",
    "data": [
      {
        "text": "chatrooms",
        "userDefined": false
      }
    ],
    "isTemplate": false,
    "count": 0,
    "lang": "en",
    "updated": 0
  },
  {
    "id": "f1041d6e-3935-453e-a810-ee04ea009462",
    "data": [
      {
        "text": "What are the chatrooms?",
        "userDefined": false
      }
    ],
    "isTemplate": false,
    "count": 0,
    "lang": "en",
    "updated": 0
  },
  {
    "id": "b4921f9e-998c-42ba-91b5-86ec26de5ed6",
    "data": [
      {
        "text": "What chatrooms are avaliable?",
        "userDefined": false
      }
    ],
    "isTemplate": false,
    "count": 0,
    "lang": "en",
    "updated": 0
  },
  {
    "id": "7251f4dd-143a-4f22-af7a-0c24e3f0b9e0",
    "data": [
      {
        "text": "What chatrooms are there?",
        "userDefined": false
      }
    ],
    "isTemplate": false,
    "count": 0,
    "lang": "en",
    "updated": 0
  }
]