[
  {
    "id": "4ca10bd1-1550-41e0-94b0-29f6669f209a",
    "data": [
      {
        "text": "send a post",
        "userDefined": false
      }
    ],
    "isTemplate": false,
    "count": 0,
    "lang": "en",
    "updated": 0
  },
  {
    "id": "a14092d0-a89b-464b-9f30-ccb5a86c082c",
    "data": [
      {
        "text": "make a post",
        "userDefined": false
      }
    ],
    "isTemplate": false,
    "count": 0,
    "lang": "en",
    "updated": 0
  },
  {
    "id": "d5a75756-0cc7-4578-b0ed-8f3dfe47308b",
    "data": [
      {
        "text": "create a post for me please",
        "userDefined": false
      }
    ],
    "isTemplate": false,
    "count": 0,
    "lang": "en",
    "updated": 0
  },
  {
    "id": "856d4943-2710-47ca-9c25-cbd803959145",
    "data": [
      {
        "text": "create a post",
        "userDefined": false
      }
    ],
    "isTemplate": false,
    "count": 0,
    "lang": "en",
    "updated": 0
  }
]