[
  {
    "id": "82e21124-c540-4bc7-adc8-b8eb81bb553c",
    "data": [
      {
        "text": "Show me the lastest post in ",
        "userDefined": false
      },
      {
        "text": "Bascom",
        "meta": "@Chatrooms",
        "alias": "chatroom",
        "userDefined": false
      }
    ],
    "isTemplate": false,
    "count": 0,
    "lang": "en",
    "updated": 0
  },
  {
    "id": "af02e792-ca70-4d46-802f-4fabdce22da2",
    "data": [
      {
        "text": "Show me ",
        "userDefined": false
      },
      {
        "text": "10",
        "meta": "@sys.number",
        "alias": "number",
        "userDefined": false
      },
      {
        "text": " posts in ",
        "userDefined": false
      },
      {
        "text": "Bascom",
        "meta": "@Chatrooms",
        "alias": "chatroom",
        "userDefined": false
      }
    ],
    "isTemplate": false,
    "count": 0,
    "lang": "en",
    "updated": 0
  },
  {
    "id": "dfc1cc4c-2deb-42c7-80ac-d45b0f25153b",
    "data": [
      {
        "text": "3",
        "meta": "@sys.number",
        "alias": "number",
        "userDefined": true
      },
      {
        "text": " latest posts in ",
        "userDefined": false
      },
      {
        "text": "Bascom",
        "meta": "@Chatrooms",
        "alias": "chatroom",
        "userDefined": false
      }
    ],
    "isTemplate": false,
    "count": 0,
    "lang": "en",
    "updated": 0
  },
  {
    "id": "7bc26f30-407a-4d82-aa4e-e3d917478cfa",
    "data": [
      {
        "text": "Get me the latest post in ",
        "userDefined": false
      },
      {
        "text": "Bascom",
        "meta": "@Chatrooms",
        "alias": "chatroom",
        "userDefined": false
      }
    ],
    "isTemplate": false,
    "count": 0,
    "lang": "en",
    "updated": 0
  }
]