[
  {
    "id": "7e937079-3da1-479a-8999-52b35f579cab",
    "data": [
      {
        "text": "how many account has been registered?",
        "userDefined": false
      }
    ],
    "isTemplate": false,
    "count": 0,
    "lang": "en",
    "updated": 0
  },
  {
    "id": "c93d759a-8244-4adc-ac7b-a04dbf508170",
    "data": [
      {
        "text": "how many people are there?",
        "userDefined": false
      }
    ],
    "isTemplate": false,
    "count": 0,
    "lang": "en",
    "updated": 0
  },
  {
    "id": "e9cedaf3-7ac2-44a9-939c-89a698e9cdfa",
    "data": [
      {
        "text": "how many users are there?",
        "userDefined": false
      }
    ],
    "isTemplate": false,
    "count": 0,
    "lang": "en",
    "updated": 0
  }
]