[
  {
    "id": "43266bdd-193a-4599-b0dd-4a0052d059ce",
    "data": [
      {
        "text": "how many messages are in ",
        "userDefined": false
      },
      {
        "text": "VanVleck",
        "meta": "@Chatrooms",
        "alias": "Chatrooms",
        "userDefined": false
      },
      {
        "text": "?",
        "userDefined": false
      }
    ],
    "isTemplate": false,
    "count": 0,
    "lang": "en",
    "updated": 0
  },
  {
    "id": "f1716be9-3f7c-4c70-b138-7da82c67d708",
    "data": [
      {
        "text": "how many posts are in ",
        "userDefined": false
      },
      {
        "text": "Bascom",
        "meta": "@Chatrooms",
        "alias": "Chatrooms",
        "userDefined": false
      },
      {
        "text": "?",
        "userDefined": false
      }
    ],
    "isTemplate": false,
    "count": 0,
    "lang": "en",
    "updated": 0
  },
  {
    "id": "7ed0a414-ce9d-48a6-a359-636ad491a54f",
    "data": [
      {
        "text": "how many messages are there?",
        "userDefined": false
      }
    ],
    "isTemplate": false,
    "count": 0,
    "lang": "en",
    "updated": 0
  },
  {
    "id": "e0d7c5bc-1cdb-42cb-adbb-4a4d27fc835e",
    "data": [
      {
        "text": "how many post have been made?",
        "userDefined": false
      }
    ],
    "isTemplate": false,
    "count": 0,
    "lang": "en",
    "updated": 0
  },
  {
    "id": "801f9ac1-2f25-47ca-942b-d6a9fcffcdbf",
    "data": [
      {
        "text": "how many post are there?",
        "userDefined": false
      }
    ],
    "isTemplate": false,
    "count": 0,
    "lang": "en",
    "updated": 0
  }
]